Id,SalePrice
1461,-6775309.764
1462,-5905570.606
1463,-5549473.889
1464,-5274729.97
1465,-11393199.86
1466,-5189734.484
1467,-7344438.209
1468,-6230258.799
1469,-10686111.98
1470,-5644805.644
1471,-10539409.17
1472,-641735.9841
1473,-2128537.049
1474,-5745285.07
1475,-7251966.681
1476,-14309362.52
1477,-14817180.48
1478,-14490466.86
1479,-17366191.74
1480,-23057855.46
1481,-13633039.04
1482,-12167906.09
1483,-12245042
1484,-10009809.95
1485,-2351452.951
1486,-6250700.69
1487,-14915775.71
1488,-15004453.18
1489,-11423753.22
1490,-11162664.91
1491,-5816309.831
1492,-6861232.437
1493,-11246244.67
1494,-11076721.71
1495,-9989165.172
1496,-11529386.72
1497,-6908965.259
1498,-3430165.947
1499,-3604341.413
1500,-3044724.599
1501,-2764612.444
1502,-3345350.62
1503,-12326697.12
1504,-6119622.379
1505,-11703830.92
1506,-16875528.68
1507,-8739813.761
1508,-10312337.49
1509,-5678853.172
1510,-9512537.793
1511,-9095244.438
1512,-12138026.3
1513,-5564808.952
1514,-7724043.823
1515,-11466921.19
1516,-5334580.06
1517,-6358665.958
1518,-15644767.33
1519,-10021066.03
1520,-9185524.877
1521,-9280736.491
1522,-10437178.15
1523,-6819993.391
1524,-7631861.766
1525,-6582559.786
1526,-7746663.62
1527,-6132279.149
1528,-4213862.979
1529,-10619924.31
1530,-8427093.294
1531,-4780497.543
1532,-392103.8979
1533,-14380545.46
1534,-6428009.665
1535,-6402145.702
1536,-7365607.53
1537,-6310181.572
1538,-5625536.421
1539,-4224771.35
1540,-1475273.453
1541,-5979327.463
1542,-7147885.741
1543,-8474530.017
1544,-5038814.2
1545,-3008130.864
1546,-5146032.125
1547,-5877927.581
1548,-4514494.294
1549,-2002304.831
1550,-7185242.799
1551,-7761105.429
1552,-5333614.193
1553,1975031.482
1554,-4298841.846
1555,-12616865.96
1556,-3969388.364
1557,-2512143.677
1558,-3486946.016
1559,1076445.71
1560,-5322589.796
1561,-10473435
1562,-7851988.45
1563,-5190255.871
1564,-10725266.52
1565,-5077179.397
1566,-9983786.29
1567,-5293620.355
1568,-5952693.09
1569,-8768357.059
1570,-7030352.606
1571,-8342141.086
1572,-8042643.708
1573,-12100453.06
1574,-11639028.1
1575,-9832047.364
1576,-5103563.855
1577,-11401549
1578,-5350260.543
1579,-6554282.705
1580,-6785860.378
1581,-8270396.768
1582,-6972925.56
1583,-15713879.87
1584,-7750340.131
1585,-5388569.955
1586,-113772.1387
1587,-4059614.052
1588,-7496971.933
1589,-5963403.264
1590,-8582854.038
1591,-2547839.526
1592,-9811952.761
1593,-6752645.991
1594,5563476.97
1595,-873161.8276
1596,-11351543.91
1597,-7347811.128
1598,-3372757.16
1599,-7431186.967
1600,-10595413.78
1601,-2486407.893
1602,-4275483.981
1603,-5594036.329
1604,-12185081.4
1605,-8193680.619
1606,-9358932.782
1607,-20240379.48
1608,-12194138.34
1609,-11459129.43
1610,-2954178.581
1611,-10522784.8
1612,-13969070.41
1613,-11741296.79
1614,-5658379.606
1615,3369551.029
1616,2174228.978
1617,-3021027.224
1618,-6646706.722
1619,-6102041.266
1620,-10070135.11
1621,-3955592.545
1622,-3887251.86
1623,-13476116.43
1624,-7457360.026
1625,-6852306.747
1626,-11134119.08
1627,-5563885.181
1628,-6201897.908
1629,-3165522.506
1630,-19316227.02
1631,-12542316.51
1632,-14500127.75
1633,-2049422.724
1634,-7204540.123
1635,-4317085.676
1636,-10994839.61
1637,-7411744.438
1638,-6278008.912
1639,-12634905.31
1640,-8328609.548
1641,-10972017.65
1642,-7216873.289
1643,-9176457.994
1644,-7532643.312
1645,-12765402.02
1646,-8521487.77
1647,-9880605.914
1648,-11013113.85
1649,-8271785.325
1650,-5962616.015
1651,-6443469.761
1652,-1636488.968
1653,-2559918.926
1654,-5771467.82
1655,-10086689.28
1656,-6618565.579
1657,-5741516.547
1658,-6274427.657
1659,-5755054.645
1660,-6545671.763
1661,-12696621.07
1662,-10594524.08
1663,-16499939.79
1664,-20626631.46
1665,-15329857.97
1666,-14257566.18
1667,-10500497.33
1668,-14514617.64
1669,-11985967.35
1670,-14534493.36
1671,-13189149.15
1672,-19947544.89
1673,-8703734.057
1674,-14215929.44
1675,-10221923.43
1676,-10012766.82
1677,-10201726.57
1678,-18965020.6
1679,-17583107.91
1680,-15734234.93
1681,-12211787.48
1682,-12985871.25
1683,-12598897.49
1684,-5264366.302
1685,-5687412.775
1686,-11019462.86
1687,-2987662.769
1688,-6226369.245
1689,-5618466.347
1690,-5094511.673
1691,-4030807.202
1692,-6020625.465
1693,-3160932.544
1694,-5179958.584
1695,-3531361.319
1696,-7558939.011
1697,-3535725.872
1698,-10318797.75
1699,-20731211.73
1700,-5262466.322
1701,-7771869.225
1702,-16103864.75
1703,-14923102.09
1704,-14190849.34
1705,-11330234.27
1706,-20555100.07
1707,-13669033.09
1708,-12549124.3
1709,-13979241.98
1710,-12856685.36
1711,-5705819.842
1712,-17235931.38
1713,-13023245.67
1714,-13533890.61
1715,-6031217.969
1716,-11175993.09
1717,-9867131.344
1718,-4460685.165
1719,-6132677.961
1720,-14023260.74
1721,-9166073.548
1722,-3923767.833
1723,-8884642.263
1724,-13898281.42
1725,-6116750.4
1726,-6844848.36
1727,-12752816.1
1728,-6346871.666
1729,-4398060.341
1730,-1673470.109
1731,-10112360.24
1732,-6097336.17
1733,-5488302.908
1734,-7488646.841
1735,-6824664.691
1736,-8572154.765
1737,-15035872.26
1738,-5282543.565
1739,-12295481.17
1740,-15982913.21
1741,-8769521.899
1742,-4095564.288
1743,-4113829.611
1744,-11013632.57
1745,-14990248.05
1746,-5669272.32
1747,-6220864.516
1748,-7747700.562
1749,-10039317.56
1750,-9203921.783
1751,-6007500.56
1752,-6604283.072
1753,-14500789.87
1754,-8227713.778
1755,-9116435.434
1756,-6133357.221
1757,-6811930.123
1758,-9115120.05
1759,-11160613.52
1760,-11368081.58
1761,-10051406.31
1762,-4108538.077
1763,-11097911.56
1764,-8547669.374
1765,-13236062.31
1766,-11381268.65
1767,-11350159.21
1768,-7746366.639
1769,-10583981.36
1770,-6758270.736
1771,-10064325.11
1772,-12495797.22
1773,-10993812.13
1774,-17145764.52
1775,-8671713.928
1776,-5958502.215
1777,-5376608.664
1778,-7325259.982
1779,-1474209.122
1780,-3734473.412
1781,-9849131.688
1782,-6609473.319
1783,-3939971.138
1784,-2170766.824
1785,-9353462.766
1786,-13906305.19
1787,-4960453.443
1788,2898312.486
1789,-6637586.644
1790,-4961278.567
1791,-10599383.32
1792,-11461689.02
1793,-7441982.451
1794,-6932951.389
1795,-8841837.502
1796,-3201115.501
1797,-5742218.473
1798,-9376957.864
1799,-4879788.726
1800,-5730701.568
1801,-6157209.862
1802,-8723643.696
1803,-6126777.524
1804,-6651258.134
1805,-7989030.094
1806,-6550753.643
1807,-5999109.218
1808,-2328275.694
1809,2927733.825
1810,-4854312.353
1811,530763.6117
1812,1044023.955
1813,-5395003.599
1814,-6684762.877
1815,-313017.607
1816,-5175560.535
1817,-5395884.521
1818,-7551110.102
1819,-3996790.95
1820,500187.9514
1821,-9308766.013
1822,-4963698.199
1823,3767455.904
1824,-9336843.326
1825,-2340934.787
1826,-2543149.066
1827,-8059166.953
1828,-6566681.849
1829,-10049938.63
1830,-8698136.638
1831,-6526101.705
1832,-2990708.525
1833,-5247912.44
1834,-3168469.627
1835,-634521.9607
1836,-10341179.75
1837,407403.4598
1838,-4027555.876
1839,-4372890.88
1840,-2473773.589
1841,-8390307
1842,-4344321.977
1843,-8154485.65
1844,-4823446.775
1845,-4601965.411
1846,-9154122.256
1847,-10346309.95
1848,5882860.926
1849,-3100122.646
1850,-9526627.028
1851,-5559455.569
1852,-8096301.748
1853,-8638018.452
1854,-8838129.005
1855,-7302510.19
1856,-6148291.89
1857,-2106905.403
1858,-1985604.877
1859,-4314001.782
1860,-8106721.634
1861,-4030447.282
1862,-7685140.014
1863,-7738466.551
1864,-7737904.006
1865,-13279429.53
1866,-13544393.98
1867,-13586932.71
1868,-13930067.39
1869,-10222098.34
1870,-9514111.584
1871,-13903591.93
1872,-5259936.385
1873,-9179337.447
1874,-7233374.592
1875,-12494310.21
1876,-5770397.261
1877,-10933509.75
1878,-13624772.08
1879,-6381599.166
1880,-7016343.751
1881,-12845998.44
1882,-7805824.699
1883,-6925441.318
1884,-6997190.199
1885,-10935071.29
1886,-14216067.83
1887,-10888185.71
1888,-12471709.39
1889,-3887024.194
1890,-8534698.155
1891,-5202367.225
1892,-7462411.258
1893,-7642393.448
1894,-10149353.8
1895,-10611142.24
1896,-4652663.198
1897,-4927887.684
1898,-2574220.994
1899,-7592255.431
1900,-3382353.35
1901,-5157713.538
1902,-8204280.649
1903,-8040420.289
1904,-11064339.44
1905,-15638630.32
1906,-8686957.587
1907,-12703626.89
1908,-2773371.858
1909,-2748937.89
1910,-3484211.543
1911,-2757767.51
1912,-18096722.66
1913,-4986881.759
1914,-3707443.086
1915,-11895882.97
1916,-337230.4906
1917,-8231864.056
1918,-5354322.765
1919,-7241866.442
1920,-15636830.91
1921,-17395413.88
1922,-13426484.57
1923,-5300398.492
1924,-12855732.65
1925,-7501732.633
1926,-15331746.69
1927,-7135033.828
1928,-10418381.72
1929,-5155747.838
1930,-4063105.814
1931,-6440484.972
1932,-3497105.75
1933,-4038455.725
1934,-6663561.991
1935,-3199441.277
1936,-5877167.614
1937,-6520276.497
1938,-12027919.42
1939,-15363488.47
1940,-11862203.2
1941,-7883538.395
1942,-5642078.921
1943,-11466402.45
1944,-9240633.811
1945,-14909729.6
1946,-14268557.49
1947,-14000685.09
1948,-13311412.8
1949,-14285733.81
1950,-9795153.62
1951,-17210401.18
1952,-14585368.02
1953,-8242114.424
1954,-7049447.344
1955,-5327072.546
1956,-11411357.5
1957,-13638117.67
1958,-6780557.836
1959,-7477208.738
1960,-7562470.78
1961,-8659396.084
1962,-1367644.158
1963,188485.5225
1964,-3281829.346
1965,-7389462.721
1966,-9099662.286
1967,-12401451.29
1968,-19800630.18
1969,-15060268.24
1970,-13872209.08
1971,-12199755.31
1972,-9788654.95
1973,-7426095.453
1974,-7469770.139
1975,-18985900.81
1976,-11799461.22
1977,-9664327.209
1978,-15652658.12
1979,-17130734.95
1980,-12666940.33
1981,-13895654.24
1982,-11060356.7
1983,-12457813.66
1984,-5937797.466
1985,-10981641.51
1986,-11840950.9
1987,-10646660.74
1988,-6297509.679
1989,-6174014.341
1990,-5804170.986
1991,-10258226.24
1992,-5756595.021
1993,-5026376.013
1994,-6490881.708
1995,-6785984.115
1996,-7486737.989
1997,-13031477.19
1998,-15753898.85
1999,-7255971.367
2000,-9500078.663
2001,-8388380.436
2002,-13294254.04
2003,-11925165.07
2004,-5740196.666
2005,-12899405.2
2006,-12160205.8
2007,-15041240.29
2008,-8386000.435
2009,-6991335.18
2010,-5800132.413
2011,-4030951.637
2012,-10824484.19
2013,-5205377.479
2014,-5366542.198
2015,-4392589.348
2016,-6010444.636
2017,-5277436.671
2018,-9261307.931
2019,-5551044.909
2020,-6225643.44
2021,-6489450.443
2022,-10497466.8
2023,-9646067.401
2024,-5521394.046
2025,-14468588.58
2026,-11550381.15
2027,-3503421.153
2028,-5382871.265
2029,-4571755.207
2030,-12536408.79
2031,-9272578.038
2032,-11433118.35
2033,-11937875.69
2034,-3749515.858
2035,-4926024.485
2036,-5740210.246
2037,-5404863.418
2038,-11565641.01
2039,-11074614.84
2040,-7184567.893
2041,-11987964.21
2042,-7333767.286
2043,-11999363.79
2044,-16252569.28
2045,-14374825.04
2046,-15942616.03
2047,-4459481.311
2048,-7591428.157
2049,-17219052.74
2050,-5815650.332
2051,-1461162.938
2052,-10076438.28
2053,-7807866.895
2054,-1746902.275
2055,-11410437.29
2056,-6930523.992
2057,-7650256.141
2058,-7101391.199
2059,-9148679.953
2060,-9515143.257
2061,-9877004.652
2062,-8778108.753
2063,-6001164.976
2064,-10295992.41
2065,-7774865.204
2066,-10963212.95
2067,-4556490.382
2068,-18059526.12
2069,-1327089.661
2070,-5032525.258
2071,-4594603.888
2072,-9907112.477
2073,-6253204.802
2074,-8029331.344
2075,-7572567.613
2076,-7270317.277
2077,-11146773.06
2078,-8893928.548
2079,-5807270.152
2080,-8437755.5
2081,-5915285.114
2082,-11526832.45
2083,-6648741.117
2084,-7145087.794
2085,-10166184.35
2086,-3155474.154
2087,-6883466.583
2088,-3907822.409
2089,-5355943.561
2090,-4118822.612
2091,165341.4946
2092,-6917591.302
2093,-5980606.968
2094,-2231280.885
2095,-6400047.255
2096,-4228449.746
2097,1488585.661
2098,-7439189.828
2099,-1701692.528
2100,-992698.7554
2101,-5155437.929
2102,-4066450.707
2103,-2102927.752
2104,-8304122.98
2105,2342131.15
2106,-4947503.988
2107,-10711534.38
2108,-7945194.935
2109,-8210095.069
2110,-8376929.768
2111,-6170719.69
2112,-8795806.346
2113,-4348858.436
2114,-3530799.469
2115,-7543632.037
2116,-7996263.779
2117,-6092889.838
2118,-5850975.712
2119,-8317694.088
2120,-2739350.403
2121,-1511275.766
2122,-3956228.747
2123,-629315.5599
2124,-9307246.958
2125,-9582833.462
2126,-7698720.66
2127,-3833462.331
2128,-5708885.116
2129,-6079984.155
2130,-4468953.608
2131,-13963706.41
2132,-6868014.747
2133,-9005133.514
2134,-6205687.115
2135,-4116263.732
2136,2504431.811
2137,-8535823.396
2138,-7538530.83
2139,-7823036.243
2140,-6345316.062
2141,-3431297.898
2142,-8321585.369
2143,-10873288.77
2144,-8430575.75
2145,-6530155.532
2146,-6911738.147
2147,-9289115.088
2148,-4796787.61
2149,-6531210.634
2150,-13175817.51
2151,-3645879.19
2152,-6739681.315
2153,-11310229.25
2154,46131.89632
2155,-2664662.781
2156,-7047900.174
2157,-11229277.81
2158,-6047992.567
2159,-7070580.071
2160,-4246436.493
2161,-15178345.17
2162,-18373053.66
2163,-13917773.24
2164,-11479535.85
2165,-12297144.24
2166,-7151348.033
2167,-10056951.11
2168,-5573363.899
2169,-5042318.077
2170,-4914905.386
2171,-5056310.258
2172,-9209326.759
2173,-9057913.482
2174,-11009934.18
2175,-9745743.407
2176,-13854788.41
2177,-9964433.233
2178,-6277382.311
2179,-5332854.154
2180,-15160872.11
2181,-13729938.58
2182,-15015608.5
2183,-12986164.36
2184,-7440965.61
2185,-3243872.82
2186,-8064360.311
2187,-8337995.031
2188,-4730175.086
2189,-11432702.94
2190,3534369.52
2191,3643826.112
2192,1163418.192
2193,2339236.066
2194,4558464.616
2195,-5149236.45
2196,-5662748.448
2197,-6508797.483
2198,-11317425.96
2199,-7227965.159
2200,-3924823.238
2201,-3193206.125
2202,-4755164.688
2203,-6154442.282
2204,-7693680.869
2205,-7065764.966
2206,-7997421.26
2207,-4808375.032
2208,-7192359.506
2209,-15655661.98
2210,-2506047.395
2211,-6396513.389
2212,-5591863.04
2213,16193.24755
2214,-5289053.416
2215,-4856509.026
2216,-9294990.404
2217,-934020.3289
2218,-1553330.287
2219,-2447000.846
2220,-2578506.205
2221,-11922412.01
2222,-12006221.98
2223,-15541606.11
2224,-6674082.185
2225,-1405770.887
2226,-12026755.33
2227,-9853963.833
2228,-12747476.76
2229,-6082131.227
2230,-2590557.582
2231,-6387473.131
2232,-12287239.32
2233,-8786005.419
2234,-10583485.39
2235,-13425966.89
2236,-15699827.46
2237,-15192771.7
2238,-10519477.46
2239,-3678762.89
2240,-8937426.424
2241,-9805994.994
2242,-8105101.558
2243,-4349711.959
2244,-1894444.214
2245,-2006998.366
2246,-8360744.336
2247,3715310.71
2248,-4703944.9
2249,-6049593.509
2250,-6584828.061
2251,-5878639.01
2252,-13343907.81
2253,-3450327.572
2254,-2508045.283
2255,-5270320.061
2256,-4472173.159
2257,-7002307.41
2258,-10816310.04
2259,-6347971.606
2260,-8905747.302
2261,-10157223.27
2262,-10275643.44
2263,-7717475.705
2264,-21750381.33
2265,-8795319.94
2266,-13748747.1
2267,-16088396.75
2268,-14592750.55
2269,-10944845.36
2270,-3563266.946
2271,-13138773.12
2272,-3983040.77
2273,-8227850.831
2274,-8762135.997
2275,-12784942.4
2276,-10112730
2277,-8066349.487
2278,-8283197.866
2279,-8295150.847
2280,-6737456.108
2281,-12209203.72
2282,-11528402.52
2283,-1209336.652
2284,-4541015.64
2285,-8139820.595
2286,-7587416.997
2287,-14403924.34
2288,-16162446.37
2289,-18154817.69
2290,-15031488.11
2291,-8893124.744
2292,-15924874.57
2293,-21721450.63
2294,-14634962.19
2295,-18235391.87
2296,-14421806.33
2297,-5577109.867
2298,-16209364.12
2299,-14660162.47
2300,-8297456.94
2301,-5057901.655
2302,-13258327.71
2303,-15646976.4
2304,-12440720.35
2305,-10203902.4
2306,-9911060.03
2307,-10353646.51
2308,-14329762.25
2309,-12275291.8
2310,-12308090.44
2311,-10736879.96
2312,-5846194.349
2313,-5600551.227
2314,-3760459.578
2315,-5384124.147
2316,-5064983.665
2317,-9890742.005
2318,-5496399.078
2319,-5244224.683
2320,-11882947.53
2321,-11853444.96
2322,-11545027.88
2323,-6454187.13
2324,-2605275.446
2325,-14328303.09
2326,-2981841.496
2327,-6714970.585
2328,-4737905.573
2329,-6844985.823
2330,-6189669.036
2331,-14035065.09
2332,-11456701.6
2333,-9963385.032
2334,-8286249.613
2335,-8052917.867
2336,-8293976.554
2337,-12796558.05
2338,-11977388.48
2339,-13477193.17
2340,-15496528.44
2341,-14319836.92
2342,-12642132.29
2343,-12246722.19
2344,-7415394.933
2345,-12506578.55
2346,-12595687.47
2347,-12399461.81
2348,-6092550.775
2349,-5793929.795
2350,-6295319.452
2351,-14895387.56
2352,-15491265.27
2353,-8608052.749
2354,-3615022.418
2355,-4281700.968
2356,-8690445.887
2357,-13941992.42
2358,-5913916.174
2359,-3182696.362
2360,-7457765.016
2361,-7728037.351
2362,-8653481.517
2363,-7453812.504
2364,-6060207.729
2365,-11123840.87
2366,-10497860.28
2367,-14503028.52
2368,-10799544.08
2369,-15001708.55
2370,-4389527.58
2371,-4935410.974
2372,-11940510.81
2373,-7285432.433
2374,-9090577.974
2375,-14970823.4
2376,-16335324.26
2377,-22643532.88
2378,-8610161.715
2379,-7112529.236
2380,-6944800.194
2381,-9542579.023
2382,-10438513.89
2383,-14374039.31
2384,-6958691.373
2385,-7713655.709
2386,-8100205.11
2387,-7613677.299
2388,-3033658.243
2389,-8046661.534
2390,-8085193.544
2391,-7434028.661
2392,-7833645.277
2393,-9530343.734
2394,-7911891.414
2395,-5020209.929
2396,-11122741.38
2397,-12442507.88
2398,-6021399.383
2399,1354103.464
2400,4533164.046
2401,-6478878.145
2402,-8715588.512
2403,-15597684.3
2404,-6800229.927
2405,-9738776.128
2406,-6200202.439
2407,-7373722.676
2408,-8391166.07
2409,-10416696.83
2410,-12605258.57
2411,-7106935.735
2412,-9094421.444
2413,-10805752.64
2414,-7437109.683
2415,-14699488.34
2416,-7482718.718
2417,-10800724.78
2418,-8188983.173
2419,-10105458.49
2420,-6509390.949
2421,-9700178.759
2422,-6711884.408
2423,-728174.2361
2424,-11453390.1
2425,-5553690.941
2426,-7661650.164
2427,893895.3048
2428,-3917876.942
2429,-7433479.028
2430,-6558197.643
2431,-7821032.747
2432,-8165456.864
2433,-9359331.679
2434,-10285387.63
2435,-11407244.81
2436,-1654274.7
2437,-7797954.464
2438,-5697942.488
2439,-7543565.924
2440,-6320152.631
2441,-7071750.08
2442,-8042456.107
2443,-7358813.292
2444,-4401569.07
2445,-4820071.674
2446,-8834967.142
2447,-6636492.913
2448,-6310637.994
2449,-2554288.771
2450,-6793857.094
2451,-4552679.596
2452,-7096767.604
2453,-1847253.558
2454,-3153574.285
2455,-6147029.311
2456,-6018476.767
2457,-4077415.75
2458,-3723833.702
2459,-7011425.562
2460,-6112269.866
2461,-5874274.305
2462,-7316852.747
2463,-5989538.025
2464,-8924406.055
2465,-5537000.122
2466,-7214162.995
2467,-4446469.3
2468,-5114884.097
2469,-7825293.365
2470,-7522955.245
2471,-6433464.197
2472,-8976643.141
2473,-5968619.703
2474,-5793197.903
2475,-6763789.621
2476,-4280141.976
2477,-6154121.053
2478,-11701164.04
2479,-8290362.727
2480,-9948712.421
2481,-8926213.169
2482,-5459210.355
2483,-7653446.02
2484,-8073529.844
2485,-7517381.976
2486,-11990097.97
2487,-4979057.813
2488,-4662623.825
2489,-7053940.018
2490,-10904129.28
2491,-1538847.608
2492,-12946567.07
2493,-5501104.039
2494,-10775362.39
2495,-6020597.657
2496,-14778483.08
2497,-6120336.762
2498,-6850157.483
2499,-1262395.594
2500,-9575092.507
2501,-11625982.26
2502,-7144181.951
2503,-8098680.572
2504,-3261806.41
2505,-5287631.398
2506,-14972929.38
2507,-21357597.12
2508,-15007180.49
2509,-14242048.66
2510,-13703931.52
2511,-11933837.49
2512,-6525284.784
2513,-6232312.917
2514,-10401858.52
2515,-8768556.983
2516,-3194269.445
2517,-7164809.79
2518,-7785813.09
2519,-7021833.84
2520,-5252124.434
2521,-6813084.431
2522,-5738672.017
2523,-6582348.457
2524,-7620149.926
2525,-7840327.716
2526,-9014194.058
2527,-8261065.443
2528,-7651096.262
2529,-5889043.392
2530,-2455680.433
2531,-12337833.54
2532,-7191710.727
2533,-5056367.255
2534,-13700374.19
2535,-10768802.02
2536,-5711179.361
2537,-9679183.689
2538,-5949084.404
2539,-9440113.452
2540,-12652003.85
2541,-5454135.055
2542,-6046329.394
2543,-4595332.857
2544,-11305040.51
2545,-7368843.991
2546,-10966723.47
2547,-7322394.773
2548,-2140594.474
2549,-4665515.115
2550,-36784914.26
2551,-5307775.905
2552,-8968862.791
2553,3840267.047
2554,-4563802.791
2555,-4905175.429
2556,-4715178.111
2557,-5742433.024
2558,-1569322.557
2559,-11874958.36
2560,-3200129.823
2561,-2964972.213
2562,-4449040.723
2563,-4158655.162
2564,-5149736.612
2565,-1159282.681
2566,-8259208.539
2567,-4926731.614
2568,-12328861.73
2569,-12087386.84
2570,-2447882.933
2571,-15959130.17
2572,-7834596.175
2573,-14212024.94
2574,-8464811.21
2575,-5374189.825
2576,-1314800.962
2577,1553033.551
2578,-6162344.421
2579,-734341.732
2580,-1333790.449
2581,-7441283.146
2582,-5077182.527
2583,-11127112.35
2584,-7255802.948
2585,-11751443.06
2586,-10688687.18
2587,-11596917.43
2588,-7076500.614
2589,-6726164.803
2590,-11305860.27
2591,-6994130.156
2592,-16086594.37
2593,-14206359.46
2594,-10902606.17
2595,-10495788.69
2596,-14164099.31
2597,-14098148.83
2598,-7569805.592
2599,-17124104.29
2600,-1736690.507
2601,-9431189.454
2602,-3355170.413
2603,-2119796.892
2604,3404132.426
2605,-3801289.343
2606,-5969890.833
2607,-4246685.98
2608,-7747226.638
2609,-4319597.329
2610,1136778.717
2611,-11409218.14
2612,-8190466.582
2613,-4443025.579
2614,-6094422.693
2615,-10332002.4
2616,-6738123.08
2617,-14425249.31
2618,-10948036.83
2619,-17088535.3
2620,-3503306.432
2621,-5997991.201
2622,-5196364.908
2623,-8738592.255
2624,-14917769.79
2625,-19800948.51
2626,-9062492.926
2627,-10697694.23
2628,-8736097.632
2629,-11824109.53
2630,-7875480.552
2631,-13484673.36
2632,-10166593.86
2633,-13614537.46
2634,-14233131.87
2635,-7190985.141
2636,-6235411.923
2637,-5634445.156
2638,-6072100.362
2639,-5040008.347
2640,-7113589.972
2641,-8673869.157
2642,-11625511.68
2643,-2673845.026
2644,-5146497.028
2645,-1948201.14
2646,-1611662.246
2647,-588177.2281
2648,-8466081.206
2649,-8532332.359
2650,-10239602.17
2651,-7208568.933
2652,-14171762.49
2653,-15723953.1
2654,-16919941.81
2655,-13474852.82
2656,-7825004.314
2657,-11499777.19
2658,-9548420.507
2659,-8366695.448
2660,-12381973.38
2661,-14165867.27
2662,-13294385.55
2663,-10730489.19
2664,-13022767.14
2665,-12873549.4
2666,-13461582.11
2667,-5633804.998
2668,-5775065.326
2669,-12186067.47
2670,-8018258.286
2671,-5383467.798
2672,-10867380.95
2673,-11187188.15
2674,-11286344.25
2675,-10333061.98
2676,-6515060.236
2677,-7267001.522
2678,-7418831.083
2679,-6909086.706
2680,-9127361.081
2681,-9542673.993
2682,-8291672.546
2683,-13525079.27
2684,-9772500.063
2685,-11144403.66
2686,-8706312.52
2687,-12745081.78
2688,-13906124.96
2689,-12131096.51
2690,-16498287.37
2691,-7214639.692
2692,-4208120.345
2693,-12627731.72
2694,-4109027.084
2695,-6337670.478
2696,-5769898.34
2697,-7462628.357
2698,-3018368.794
2699,-11886836.8
2700,-10949393.65
2701,-4256487.536
2702,-9066062.406
2703,-3094401.482
2704,-7256126.43
2705,-7862090.578
2706,-7371292.999
2707,-7108782.398
2708,-7967075.893
2709,-921720.1888
2710,-6680993.8
2711,-12015112.19
2712,-7749750.849
2713,-10456895.45
2714,-4126548.229
2715,-4420076.108
2716,-3748998.868
2717,-4128554.089
2718,-14794853.86
2719,-7959428.831
2720,-10727762.28
2721,-8379214.731
2722,-6426474.943
2723,-6613796.116
2724,-5551579.596
2725,-7125368.002
2726,-9893262.821
2727,-9170537.124
2728,-10838038.61
2729,-4000057.847
2730,-10250929.99
2731,-4719625.055
2732,-7952216.261
2733,-9331253.138
2734,-12394057.79
2735,-8088656.151
2736,-5199026.928
2737,-6530382.985
2738,-15575144.4
2739,-9915598.619
2740,-8459156.415
2741,-10560385.11
2742,-9236051.909
2743,-8418331.448
2744,-7043507.594
2745,-7462646.939
2746,-7163410.134
2747,-4585590.216
2748,-4724288.672
2749,-7654579.718
2750,-10566835.2
2751,-5754080.508
2752,-12272964.98
2753,-9283460.137
2754,-13316685.85
2755,-7202320.429
2756,-4634397.76
2757,-5664264.239
2758,-2089608.064
2759,-3819293.412
2760,-8389859.103
2761,-6620651.985
2762,-8371147.354
2763,-10306817.83
2764,-3255126.988
2765,-11565836.12
2766,-5607334.65
2767,-2210539.226
2768,-8964358.749
2769,-8920511.265
2770,-8289703.567
2771,-6729645.562
2772,-987929.8899
2773,-5478404.33
2774,-9335077.837
2775,-9282063.553
2776,-6028708.47
2777,-4544752.28
2778,-1579092.556
2779,-8525311.106
2780,-8764146.062
2781,-6068723.708
2782,-5558962.149
2783,-4554345.046
2784,-7947138.223
2785,-5110479.44
2786,-2058749.958
2787,-6264914.293
2788,-6247570.448
2789,-9383174.023
2790,2913417.451
2791,-7971317.947
2792,-2662627.732
2793,-6994031.117
2794,-5014109.203
2795,-5290456.864
2796,-5436666.649
2797,-14961262.41
2798,-3850718.427
2799,-2562135.838
2800,581681.7419
2801,-7316317.478
2802,-7013926.505
2803,-18729564.9
2804,-3210363.287
2805,-1457710.07
2806,-6771934.357
2807,-9170020.592
2808,-6465848.19
2809,-7064979.24
2810,-8022994.8
2811,-11323691.97
2812,-6866716.79
2813,-19118990.03
2814,-18444711.07
2815,-6618235.871
2816,-17031875.81
2817,-8932280.388
2818,-5959300.831
2819,-2918242.19
2820,-7887597.069
2821,-5001023.912
2822,-7368916.316
2823,-13526870.82
2824,-14312008.43
2825,-2287000.294
2826,-9002886.793
2827,-8101710.21
2828,-6365151.251
2829,-13938168.41
2830,-12506046.63
2831,-10353449.42
2832,-15383925.19
2833,-12396906.15
2834,-7530477.205
2835,-15017814.17
2836,-4687464.604
2837,-11773002.88
2838,-10159661.7
2839,-4325403.959
2840,-12181942.71
2841,-5401269.74
2842,-5540371.251
2843,-2341233.638
2844,-8295734.289
2845,-6727846.622
2846,-4438342.656
2847,-4727452.964
2848,-10646493.17
2849,-7014892.559
2850,-6530638.173
2851,-8531196.517
2852,-6775100.987
2853,-5262345.981
2854,-5314087.201
2855,-11556142.01
2856,-6943594.641
2857,-5813055.494
2858,-10428893.42
2859,-4997055.132
2860,-516315.0989
2861,-8920054.25
2862,-5441345.633
2863,-1361004.365
2864,-9520039.874
2865,-5164543.07
2866,-8232862.425
2867,-4686668.531
2868,-6420206.47
2869,-9302482.786
2870,-9215155.555
2871,-2631399.969
2872,-2757295.27
2873,-4945935.943
2874,-7501648.775
2875,-5222840.77
2876,-1452745.349
2877,-4493950.697
2878,-5377478.941
2879,-7031314.541
2880,-6045916.204
2881,-4886276.584
2882,-7223020.844
2883,-7988220.778
2884,-5847021.93
2885,-6457684.961
2886,-8018618.598
2887,-7267861.429
2888,-5807096.613
2889,2846775.526
2890,-3732104.923
2891,-7578989.911
2892,5321039.836
2893,-667509.5069
2894,4471167.626
2895,-11556378.98
2896,-11878308.14
2897,-13895615.81
2898,-16586811.4
2899,-13743096.77
2900,-9344552.543
2901,-13762873.63
2902,-11159961.47
2903,-14532443.31
2904,-13872226.24
2905,-3153458.766
2906,-10278366.83
2907,-1504093.677
2908,-6293342.795
2909,-16504168.4
2910,1864745.788
2911,-3335486.367
2912,-10307271.28
2913,-3099543.394
2914,2044023.576
2915,2162098.042
2916,-3306350.703
2917,-7275975.971
2918,-945497.4809
2919,-6360366.519